{
  ":configurator:policy" : "force",
  "com.liferay.client.extension.type.configuration.CETConfiguration~liferay-sample-custom-element-3" : {
    "baseURL" : "${portalURL}/o/liferay-sample-custom-element-3",
    "description" : "",
    "dxp.lxc.liferay.com.virtualInstanceId" : "default",
    "name" : "Liferay Sample Custom Element 3",
    "projectName" : "liferay-sample-custom-element-3",
    "properties" : [ ],
    "sourceCodeURL" : "",
    "type" : "customElement",
    "typeSettings" : [ "friendlyURLMapping=liferay-sample-custom-element-3", "instanceable=false", "urls=main.7a7a21f81f146834.js\npolyfills.7b62262e9951b121.js\nruntime.8ea012a598844462.js", "useESM=true", "htmlElementName=liferay-sample-custom-element-3", "cssURLs=styles.ef46db3751d8e999.css", "portletCategoryName=category.client-extensions" ],
    "webContextPath" : "/liferay-sample-custom-element-3"
  }
}